nama_en,nama_id
Active Learning,Belajar Aktif
Active Listening,Mendengarkan Aktif
Administration and Management,Administrasi dan Manajemen
Administrative,Administrasi Perkantoran
Arm-Hand Steadiness,Kestabilan Lengan dan Tangan
Auditory Attention,Perhatian Pendengaran
Biology,Biologi
Building and Construction,Bangunan dan Konstruksi
Category Flexibility,Fleksibilitas Pengelompokan
Chemistry,Kimia
Communications and Media,Komunikasi dan Media
Complex Problem Solving,Pemecahan Masalah Kompleks
Computers and Electronics,Komputer dan Elektronika
Control Precision,Ketepatan Pengendalian
Coordination,Koordinasi dengan Orang Lain
Critical Thinking,Berpikir Kritis
Customer and Personal Service,Layanan Pelanggan dan Perorangan
Deductive Reasoning,Penalaran Deduktif
Depth Perception,Persepsi Kedalaman
Design,Desain
Dynamic Flexibility,Kelenturan Dinamis
Dynamic Strength,Kekuatan Dinamis
Economics and Accounting,Ekonomi dan Akuntansi
Education and Training,Pendidikan dan Pelatihan
Engineering and Technology,Rekayasa dan Teknologi
English Language,Bahasa Inggris
Equipment Maintenance,Pemeliharaan Peralatan
Equipment Selection,Pemilihan Peralatan
Explosive Strength,Kekuatan Eksplosif
Extent Flexibility,Kelenturan Jangkauan
Far Vision,Penglihatan Jauh
Fine Arts,Seni Rupa dan Pertunjukan
Finger Dexterity,Ketangkasan Jari
Flexibility of Closure,Menemukan Pola Tersembunyi
Fluency of Ideas,Kelancaran Gagasan
Food Production,Produksi Pangan
Foreign Language,Bahasa Asing
Geography,Geografi
Glare Sensitivity,Ketahanan terhadap Silau
Gross Body Coordination,Koordinasi Seluruh Tubuh
Gross Body Equilibrium,Keseimbangan Tubuh
Hearing Sensitivity,Kepekaan Pendengaran
History and Archeology,Sejarah dan Arkeologi
Inductive Reasoning,Penalaran Induktif
Information Ordering,Pengurutan Informasi
Installation,Pemasangan (Instalasi)
Instructing,Mengajar Orang Lain
Judgment and Decision Making,Penilaian dan Pengambilan Keputusan
Law and Government,Hukum dan Pemerintahan
Learning Strategies,Strategi Belajar
Management of Financial Resources,Pengelolaan Sumber Daya Keuangan
Management of Material Resources,Pengelolaan Sumber Daya Material
Management of Personnel Resources,Pengelolaan Sumber Daya Manusia
Manual Dexterity,Ketangkasan Tangan
Mathematical Reasoning,Penalaran Matematis
Mathematics,Matematika
Mechanical,Mekanika (Mesin dan Alat)
Medicine and Dentistry,Kedokteran dan Kedokteran Gigi
Memorization,Daya Ingat
Monitoring,Pemantauan Kinerja
Multilimb Coordination,Koordinasi Anggota Gerak
Near Vision,Penglihatan Dekat
Negotiation,Negosiasi
Night Vision,Penglihatan Malam
Number Facility,Kecakapan Berhitung
Operation and Control,Pengoperasian dan Pengendalian
Operations Analysis,Analisis Kebutuhan Operasi
Operations Monitoring,Pemantauan Operasi
Oral Comprehension,Pemahaman Lisan
Oral Expression,Ekspresi Lisan
Originality,Orisinalitas
Perceptual Speed,Kecepatan Persepsi
Peripheral Vision,Penglihatan Tepi
Personnel and Human Resources,Personalia dan Sumber Daya Manusia
Persuasion,Persuasi
Philosophy and Theology,Filsafat dan Teologi
Physics,Fisika
Problem Sensitivity,Kepekaan terhadap Masalah
Production and Processing,Produksi dan Pengolahan
Programming,Pemrograman
Psychology,Psikologi
Public Safety and Security,Keselamatan dan Keamanan Publik
Quality Control Analysis,Analisis Pengendalian Mutu
Rate Control,Pengendalian Laju Gerak
Reaction Time,Waktu Reaksi
Reading Comprehension,Pemahaman Bacaan
Repairing,Perbaikan
Response Orientation,Ketepatan Respons
Sales and Marketing,Penjualan dan Pemasaran
Science,Sains
Selective Attention,Perhatian Selektif
Service Orientation,Orientasi Pelayanan
Social Perceptiveness,Kepekaan Sosial
Sociology and Anthropology,Sosiologi dan Antropologi
Sound Localization,Menentukan Arah Suara
Spatial Orientation,Orientasi Ruang
Speaking,Berbicara
Speech Clarity,Kejelasan Bicara
Speech Recognition,Mengenali Ucapan
Speed of Closure,Kecepatan Mengenali Pola
Speed of Limb Movement,Kecepatan Gerak Anggota Badan
Stamina,Daya Tahan
Static Strength,Kekuatan Statis
Systems Analysis,Analisis Sistem
Systems Evaluation,Evaluasi Sistem
Technology Design,Perancangan Teknologi
Telecommunications,Telekomunikasi
Therapy and Counseling,Terapi dan Konseling
Time Management,Manajemen Waktu
Time Sharing,Membagi Perhatian
Transportation,Transportasi
Troubleshooting,Pencarian Penyebab Kerusakan
Trunk Strength,Kekuatan Otot Batang Tubuh
Visual Color Discrimination,Membedakan Warna
Visualization,Visualisasi
Wrist-Finger Speed,Kecepatan Pergelangan dan Jari
Writing,Menulis
Written Comprehension,Pemahaman Tulisan
Written Expression,Ekspresi Tulisan
